000001-2.png,
000001-9-b.jpg,
000002-1.jpg,
000002-11-b.jpg,
000002-14.jpg,
000002-16.jpg,
000002-19-b.jpg,
000002-2.jpg,
000002-268.jpg,
000002-29.jpg,
000002-3.png,
000002-7.png,
000002-8.jpg,
000002-9.jpg,
000002.jpg,
000002.png,
000003-7.jpg,
000004-1.jpg,
000005-5-b.jpg,
000006.jpg,
000008.jpg,
000008.png,
000009-5.jpg,
000009.jpg,
000013.jpg,
000017-1.jpg,
000025-1.jpg,
045ffedbd437009cab794d412571b2_jumbo.jpg,
0b1cb8905fd8839a001d7a707f0c3f_jumbo.jpg,
1-s2.0-S0929664620300449-gr3_lrg-a.jpg,
1-s2.0-S0929664620300449-gr3_lrg-b.jpg,
1-s2.0-S0929664620300449-gr3_lrg-c.jpg,
1-s2.0-S0929664620300449-gr3_lrg-d.jpg,
16630_1_1.jpg,
16630_2_1.jpg,
16630_2_2.jpg,
16630_3_1.jpg,
16630_4_1.jpg,
16630_5_1.jpg,
16630_6_1.jpg,
16631_1_1.jpg,
16631_1_2.jpg,
16631_1_3.jpg,
16631_1_4.jpg,
16663_1_2.jpg,
16664_2_1.jpg,
16689_1_1.jpg,
16689_1_2.png,
16689_1_5.png,
16689_1_6.jpg,
16689_2_1.png,
16689_2_2.png,
16689_2_4.png,
16744_2_1.jpg,
16744_2_2.jpg,
16744_2_3.jpg,
16744_2_4.jpg,
16745_2_2.PNG,
16745_2_3.PNG,
16745_3_2.png,
16745_4_2.png,
16745_4_3.png,
16745_5_2.png,
16745_5_3.png,
16745_6_2.png,
16745_6_3.png,
16745_7_2.png,
16745_7_4.png,
16751_2_1.jpg,
16751_2_2.jpg,
16865_1_2.jpg,
191F3B3A-2879-4EF3-BE56-EE0D2B5AAEE3.jpeg,
21DDEBFD-7F16-4E3E-8F90-CB1B8EE82828.jpeg,
242a639e.jpg,
254B82FC-817D-4E2F-AB6E-1351341F0E38.jpeg,
27f5a41d.jpg,
2b4425e4afe32fa5e047fcac58f8e9_jumbo.jpeg,
35AF5C3B-D04D-4B4B-92B7-CB1F67D83085.jpeg,
396A81A5-982C-44E9-A57E-9B1DC34E2C08.jpeg,
3ED3C0E1-4FE0-4238-8112-DDFF9E20B471.jpeg,
40f355ec.jpg,
44C8E3D6-20DA-42E9-B33B-96FA6D6DE12F.jpeg,
49eca411aa2d4ccd73df21a209a551_jumbo.jpeg,
4C4DEFD8-F55D-4588-AAD6-C59017F55966.jpeg,
5083A6B7-8983-472E-A427-570A3E03DDEE.jpeg,
65a95c1d86c9a79e3bf88d654c517c_jumbo.jpg,
66298CBF-6F10-42D5-A688-741F6AC84A76.jpeg,
6A7D4110-2BFC-4D9A-A2D6-E9226D91D25A.jpeg,
800f798a58d0cbcc72eb234f192461_jumbo.jpeg,
83cfee622ebe92fd5c14ce5b4da35e_jumbo.jpeg,
925446AE-B3C7-4C93-941B-AC4D2FE1F455.jpeg,
959dea122c905d6581f71b4a000bbb_jumbo-2.jpeg,
a1a7d22e66f6570df523e0077c6a5a_jumbo.jpeg,
a8ef731d274b273f1526d8d0ffbe3b_jumbo.jpeg,
ab63c1bdd7b06525e3537fa83e2a70_jumbo-1.jpeg,
b3bf8a2639dc735c8b5c9d75be18a7_jumbo.jpeg,
c7c4f142dea9fcabbb660318f07cbb_jumbo.jpeg,
ca21ce8053252fb93cbbe0f7729ce3_jumbo.jpg,
cavitating-pneumonia-4-day0-L.jpg,
cavitating-pneumonia-4-day28-L.png,
chlamydia-pneumonia-L.png,
covid-19-caso-95-2-16.png,
covid-19-caso-95-4-12.png,
covid-19-pneumonia-14-L.png,
covid-19-pneumonia-15-L.jpg,
covid-19-pneumonia-30-L.jpg,
covid-19-pneumonia-7-L.jpg,
d2cdf41a662113279d2ec21af3a4e2_jumbo.jpg,
D5ACAA93-C779-4E22-ADFA-6A220489F840.jpeg,
DE488FE1-0C44-428B-B67A-09741C1214C0.jpeg,
defc5c87e473bdaf4f57e4c4c22e3b_jumbo.jpeg,
e0e3a6526a3fecadfca2be13242798_jumbo.jpg,
f5c69a3d9dcf2d5d4e54d0d080b666_jumbo.jpeg,
f7ea5303f5e3ea16bdd4fd93df84fb_jumbo-1.jpeg,
facc859f173d0ae052a1a52997c6b5_jumbo.jpg,
FAFA-A1BF-49A8-A1D3-66FAFA41B7345D.jpg,
FC230FE2-1DDF-40EB-AA0D-21F950933289.jpeg,
filenames.csv,
jkms-35-e79-g001-l-d.jpg,
jkms-35-e79-g001-l-e.jpg,
kjr-21-e24-g001-l-b.jpg,
kjr-21-e24-g001-l-c.jpg,
kjr-21-e24-g002-l-b.jpg,
kjr-21-e24-g002-l-c.jpg,
kjr-21-e24-g003-l-b.jpg,
kjr-21-e24-g004-l-a.jpg,
kjr-21-e24-g004-l-b.jpg,
nejmoa2001191_f1-L.jpeg,
nejmoa2001191_f3-L.jpeg,
nejmoa2001191_f5-L.jpeg,
parapneumonic-effusion-1-L.png,
pneumocystis-carinii-pneumonia-1-L.jpg,
right-upper-lobe-pneumonia-9-L.jpg